action,subject,object,params.name,params.datatype,params.cardinality,params.ontology_class,params.parent_property,params.description,params.config,params.ontology_property,params.publication_id,params.alias_prefix,params.name_prefix,params.label,params.alias_suffix
load_graph,07c3abbe-52cc-501b-98ef-58403bbf37e0,,,,,,,,,,,,,,
# Rename cards to match Pletka spec,,,,,,,,,,,,,,,
rename_node,e52_time-span_221,timespan,Timespan,,,,,,,,,,,,
rename_node,ze4_classificatory_status_SRDF.3721,classification,Classification,,,,,,,,,,,,
rename_node,e33_e41_linguistic_appellation_41,name,Name,,,,,,,,,,,,
# Change has-a-procedure-protocol from concept to string (X3ML confirms P3_has_note -> rdfs:Literal),,,,,,,,,,,,,,,
delete_widget,c291ab26-2a90-5db6-8c62-59ce6e9c794f,,,,,,,,,,,,,,
change_node_type,has-a-procedure-protocol,,,string,,,,,,,,,,,
add_widget,5d07e054-069c-589c-8a82-a92e5690e08a,,,,,,,,"{""label"": ""Has a Procedure Protocol""}",,,,,Has a Procedure Protocol,
# Populate empty semantic placeholders with reusable branches,,,,,,,,,,,,,,,
# Appellative Status: Name, Timespan, Statement,,,,,,,,,,,,,
add_subgraph,appellative-status-ascribed-appellation,bbd0d023-955d-11e6-b664-024f9e178154,,,,,,,,http://www.cidoc-crm.org/cidoc-crm/P1_is_identified_by,,appellative_status,Appellative Status,,
# Remove stray text widget on semantic Appellative Status Names node,,,,,,,,,,,,,,,
delete_widget,71a7d7bb-6860-5ff1-8271-ef07af904083,,,,,,,,,,,,,,
rename_node,names,names,Appellation,,,,,,,,,,,,
add_node,appellative-status-time-span,appellative_status_display_date,Appellative Status Display Date,string,1,http://www.w3.org/2000/01/rdf-schema#Literal,http://www.cidoc-crm.org/cidoc-crm/P3_has_note,,,,,,,,
add_node,appellative-status-time-span,appellative_status_start_date,Appellative Status Start Date,date,1,http://www.cidoc-crm.org/cidoc-crm/E61_Time_Primitive,http://www.cidoc-crm.org/cidoc-crm/P82a_begin_of_the_begin,,,,,,,,
add_node,appellative-status-time-span,appellative_status_end_date,Appellative Status End Date,date,1,http://www.cidoc-crm.org/cidoc-crm/E61_Time_Primitive,http://www.cidoc-crm.org/cidoc-crm/P82b_end_of_the_end,,,,,,,,
add_node,appellative-status-time-span,appellative_status_date_qualifier,Appellative Status Date Qualifier,reference,1,http://www.cidoc-crm.org/cidoc-crm/E55_Type,http://www.cidoc-crm.org/cidoc-crm/P2_has_type,,,,,,,,
add_node,appellative_status_date_qualifier,appellative_status_date_qualifier_metatype,Appellative Status Date Qualifier Metatype,reference,1,http://www.cidoc-crm.org/cidoc-crm/E55_Type,http://www.cidoc-crm.org/cidoc-crm/P2_has_type,,,,,,,,
add_subgraph,appellative-status-statement,251551d8-7fe7-11ea-bcad-f875a44e0e11,,,,,,,,http://www.cidoc-crm.org/cidoc-crm/P67i_is_referred_to_by,,appellative_status,Appellative Status,,appellative_status_statement
rename_node,descriptions,descriptions,Appellative Status Statement,,,,,,,,,,,,
"# Classificatory Status: Timespan ,  Statement",,,,,,,,,,,,,,,
add_node,classificatory-status-time-span,classification_display_date,Classification Display Date,string,1,http://www.w3.org/2000/01/rdf-schema#Literal,http://www.cidoc-crm.org/cidoc-crm/P3_has_note,,,,,,,,
add_node,classificatory-status-time-span,classification_start_date,Classification Start Date,date,1,http://www.cidoc-crm.org/cidoc-crm/E61_Time_Primitive,http://www.cidoc-crm.org/cidoc-crm/P82a_begin_of_the_begin,,,,,,,,
add_node,classificatory-status-time-span,classification_end_date,Classification End Date,date,1,http://www.cidoc-crm.org/cidoc-crm/E61_Time_Primitive,http://www.cidoc-crm.org/cidoc-crm/P82b_end_of_the_end,,,,,,,,
add_node,classificatory-status-time-span,classification_date_qualifier,Classification Date Qualifier,reference,1,http://www.cidoc-crm.org/cidoc-crm/E55_Type,http://www.cidoc-crm.org/cidoc-crm/P2_has_type,,,,,,,,
add_node,classification_date_qualifier,classification_date_qualifier_metatype,Classification Date Qualifier Metatype,reference,1,http://www.cidoc-crm.org/cidoc-crm/E55_Type,http://www.cidoc-crm.org/cidoc-crm/P2_has_type,,,,,,,,
add_subgraph,classificatory-status-statement,251551d8-7fe7-11ea-bcad-f875a44e0e11,,,,,,,,http://www.cidoc-crm.org/cidoc-crm/P67i_is_referred_to_by,,classificatory_status,Classification,,classificatory_status_statement
rename_node,descriptions_1,descriptions_1,Classification Statement,,,,,,,,,,,,
"# Evental Locative Status: Timespan ,  Statement",,,,,,,,,,,,,,,
add_node,evental-locative-status-time-span,evental_locative_status_display_date,Evental Locative Status Display Date,string,1,http://www.w3.org/2000/01/rdf-schema#Literal,http://www.cidoc-crm.org/cidoc-crm/P3_has_note,,,,,,,,
add_node,evental-locative-status-time-span,evental_locative_status_start_date,Evental Locative Status Start Date,date,1,http://www.cidoc-crm.org/cidoc-crm/E61_Time_Primitive,http://www.cidoc-crm.org/cidoc-crm/P82a_begin_of_the_begin,,,,,,,,
add_node,evental-locative-status-time-span,evental_locative_status_end_date,Evental Locative Status End Date,date,1,http://www.cidoc-crm.org/cidoc-crm/E61_Time_Primitive,http://www.cidoc-crm.org/cidoc-crm/P82b_end_of_the_end,,,,,,,,
add_node,evental-locative-status-time-span,evental_locative_status_date_qualifier,Evental Locative Status Date Qualifier,reference,1,http://www.cidoc-crm.org/cidoc-crm/E55_Type,http://www.cidoc-crm.org/cidoc-crm/P2_has_type,,,,,,,,
add_node,evental_locative_status_date_qualifier,evental_locative_status_date_qualifier_metatype,Evental Locative Status Date Qualifier Metatype,reference,1,http://www.cidoc-crm.org/cidoc-crm/E55_Type,http://www.cidoc-crm.org/cidoc-crm/P2_has_type,,,,,,,,
add_subgraph,evental-locative-status-statement,251551d8-7fe7-11ea-bcad-f875a44e0e11,,,,,,,,http://www.cidoc-crm.org/cidoc-crm/P67i_is_referred_to_by,,evental_locative_status,Evental Locative Status,,evental_locative_status_statement
add_node,tikanga,resource_model_type,Resource Model Type,semantic,n,http://www.cidoc-crm.org/cidoc-crm/E55_Type,http://www.cidoc-crm.org/cidoc-crm/P2_has_type,,,,,,,,
add_node,resource_model_type,tikanga_type,Tikanga Type,reference,1,http://www.cidoc-crm.org/cidoc-crm/E55_Type,http://www.cidoc-crm.org/cidoc-crm/P2_has_type,,"{""controlledList"": ""063e3cd6-b6e7-5b7e-a2b4-e12cc2adba69""}",,,,,,
add_node,resource_model_type,tikanga_metatype,Tikanga Metatype,reference,1,http://www.cidoc-crm.org/cidoc-crm/E55_Type,http://www.cidoc-crm.org/cidoc-crm/P2_has_type,,"{""controlledList"": ""603c86b7-ea82-53f9-8223-a2107dab08c1""}",,,,,,
rename_node,appellative-status-ascribed-appellation,appellation,Appellation,,,,,,,,,,,,
rename_node,ze2_appellative_status_SRDF.5181,appellative_status,Appellative Status,,,,,,,,,,,,
update_node,activity-actor,,,,,,,,"{""graphs"": [{""graphid"": ""22477f01-1a44-11e9-b0a9-000d3ab1e588"", ""name"": ""Person"", ""ontologyProperty"": ""http://www.cidoc-crm.org/cidoc-crm/P14_carried_out_by"", ""inverseOntologyProperty"": """"}, {""graphid"": ""07883c9e-b25c-11e9-975a-a4d18cec433a"", ""name"": ""Group"", ""ontologyProperty"": ""http://www.cidoc-crm.org/cidoc-crm/P14_carried_out_by"", ""inverseOntologyProperty"": """"}]}",,,,,,
update_node,promise-to,,,,,,,,"{""graphs"": [{""graphid"": ""22477f01-1a44-11e9-b0a9-000d3ab1e588"", ""name"": ""Person"", ""ontologyProperty"": ""https://ontology.swissartresearch.net/aaao/ZP117_generated_promise_to"", ""inverseOntologyProperty"": """"}, {""graphid"": ""07883c9e-b25c-11e9-975a-a4d18cec433a"", ""name"": ""Group"", ""ontologyProperty"": ""https://ontology.swissartresearch.net/aaao/ZP117_generated_promise_to"", ""inverseOntologyProperty"": """"}]}",,,,,,
update_node,promise-upon,,,,,,,,"{""graphs"": [{""graphid"": ""22477f01-1a44-11e9-b0a9-000d3ab1e588"", ""name"": ""Person"", ""ontologyProperty"": ""https://ontology.swissartresearch.net/aaao/ZP118_generated_promise_upon"", ""inverseOntologyProperty"": """"}, {""graphid"": ""07883c9e-b25c-11e9-975a-a4d18cec433a"", ""name"": ""Group"", ""ontologyProperty"": ""https://ontology.swissartresearch.net/aaao/ZP118_generated_promise_upon"", ""inverseOntologyProperty"": """"}]}",,,,,,
update_node,custody_received_by,,,,,,,,"{""graphs"": [{""graphid"": ""22477f01-1a44-11e9-b0a9-000d3ab1e588"", ""name"": ""Person"", ""ontologyProperty"": ""http://www.cidoc-crm.org/cidoc-crm/P29_custody_received_by"", ""inverseOntologyProperty"": """"}, {""graphid"": ""07883c9e-b25c-11e9-975a-a4d18cec433a"", ""name"": ""Group"", ""ontologyProperty"": ""http://www.cidoc-crm.org/cidoc-crm/P29_custody_received_by"", ""inverseOntologyProperty"": """"}]}",,,,,,
update_node,custody_surrendered_by,,,,,,,,"{""graphs"": [{""graphid"": ""22477f01-1a44-11e9-b0a9-000d3ab1e588"", ""name"": ""Person"", ""ontologyProperty"": ""http://www.cidoc-crm.org/cidoc-crm/P28_custody_surrendered_by"", ""inverseOntologyProperty"": """"}, {""graphid"": ""07883c9e-b25c-11e9-975a-a4d18cec433a"", ""name"": ""Group"", ""ontologyProperty"": ""http://www.cidoc-crm.org/cidoc-crm/P28_custody_surrendered_by"", ""inverseOntologyProperty"": """"}]}",,,,,,
update_node,declarative-custody-transfer-object-transferred,,,,,,,,"{""graphs"": [{""graphid"": ""076f9381-7b00-11e9-8d6b-80000b44d1d9"", ""name"": ""Heritage Place"", ""ontologyProperty"": ""http://www.cidoc-crm.org/cidoc-crm/P30_transferred_custody_of"", ""inverseOntologyProperty"": """"}, {""graphid"": ""343cc20c-2c5a-11e8-90fa-0242ac120005"", ""name"": ""Artefact"", ""ontologyProperty"": ""http://www.cidoc-crm.org/cidoc-crm/P30_transferred_custody_of"", ""inverseOntologyProperty"": """"}]}",,,,,,
update_node,promissory-subject,,,,,,,,"{""graphs"": [{""graphid"": ""343cc20c-2c5a-11e8-90fa-0242ac120005"", ""name"": ""Artefact"", ""ontologyProperty"": ""https://ontology.swissartresearch.net/aaao/ZP89_has_promisory_subject"", ""inverseOntologyProperty"": """"}]}",,,,,,
update_node,activity-instrument-used,,,,,,,,"{""graphs"": [{""graphid"": ""076f9381-7b00-11e9-8d6b-80000b44d1d9"", ""name"": ""Heritage Place"", ""ontologyProperty"": ""http://www.cidoc-crm.org/cidoc-crm/P16_used_specific_object"", ""inverseOntologyProperty"": """"}, {""graphid"": ""343cc20c-2c5a-11e8-90fa-0242ac120005"", ""name"": ""Artefact"", ""ontologyProperty"": ""http://www.cidoc-crm.org/cidoc-crm/P16_used_specific_object"", ""inverseOntologyProperty"": """"}]}",,,,,,
update_node,source-reference-particular,,,,,,,,"{""graphs"": [{""graphid"": ""5ca3130d-8d4d-526c-bc41-a2032823b8f9"", ""name"": ""M\u0101tauranga"", ""ontologyProperty"": ""http://www.cidoc-crm.org/cidoc-crm/P129i_is_subject_of"", ""inverseOntologyProperty"": """"}]}",,,,,,
update_node,source-reference-general,,,,,,,,"{""graphs"": [{""graphid"": ""24d7b54f-5464-11e9-a86b-000d3ab1e588"", ""name"": ""Bibliographic Source"", ""ontologyProperty"": ""http://www.cidoc-crm.org/cidoc-crm/P67i_is_referred_to_by"", ""inverseOntologyProperty"": """"}]}",,,,,,
update_node,evental-locative-status-ascribed-place,,,,,,,,"{""graphs"": [{""graphid"": ""78b32d8c-b6f2-11ea-af42-f875a44e0e11"", ""name"": ""Place"", ""ontologyProperty"": ""https://ontology.swissartresearch.net/aaao/ZP77_ascribes_place"", ""inverseOntologyProperty"": """"}, {""graphid"": ""42ce82f6-83bf-11ea-b1e8-f875a44e0e11"", ""name"": ""Application Area"", ""ontologyProperty"": ""https://ontology.swissartresearch.net/aaao/ZP77_ascribes_place"", ""inverseOntologyProperty"": """"}, {""graphid"": ""2c478fc0-12dc-11eb-9ce9-f875a44e0e11"", ""name"": ""Area"", ""ontologyProperty"": ""https://ontology.swissartresearch.net/aaao/ZP77_ascribes_place"", ""inverseOntologyProperty"": """"}]}",,,,,,
update_node,appellative-status-holds-for,,,,,,,,"{""graphs"": [{""graphid"": ""07883c9e-b25c-11e9-975a-a4d18cec433a"", ""name"": ""Group"", ""ontologyProperty"": ""https://ontology.swissartresearch.net/aaao/ZP4_holds_for"", ""inverseOntologyProperty"": """"}]}",,,,,,
update_node,evental-locative-status-holds-for,,,,,,,,"{""graphs"": [{""graphid"": ""07883c9e-b25c-11e9-975a-a4d18cec433a"", ""name"": ""Group"", ""ontologyProperty"": ""https://ontology.swissartresearch.net/aaao/ZP4_holds_for"", ""inverseOntologyProperty"": """"}]}",,,,,,
update_node,classificatory-status-holds-for,,,,,,,,"{""graphs"": [{""graphid"": ""07883c9e-b25c-11e9-975a-a4d18cec433a"", ""name"": ""Group"", ""ontologyProperty"": ""https://ontology.swissartresearch.net/aaao/ZP4_holds_for"", ""inverseOntologyProperty"": """"}]}",,,,,,
update_node,appellative-status-event-context,,,,,,,,"{""graphs"": [{""graphid"": ""d612f761-2568-538e-b05e-eb9f81dca31c"", ""name"": ""Event"", ""ontologyProperty"": ""https://ontology.swissartresearch.net/aaao/ZP75_applies_for_context"", ""inverseOntologyProperty"": """"}]}",,,,,,
update_node,evental-locative-status-event-context,,,,,,,,"{""graphs"": [{""graphid"": ""d612f761-2568-538e-b05e-eb9f81dca31c"", ""name"": ""Event"", ""ontologyProperty"": ""https://ontology.swissartresearch.net/aaao/ZP75_applies_for_context"", ""inverseOntologyProperty"": """"}]}",,,,,,
update_node,classificatory-status-event-context,,,,,,,,"{""graphs"": [{""graphid"": ""d612f761-2568-538e-b05e-eb9f81dca31c"", ""name"": ""Event"", ""ontologyProperty"": ""https://ontology.swissartresearch.net/aaao/ZP75_applies_for_context"", ""inverseOntologyProperty"": """"}]}",,,,,,
update_node,classificatory-status-initiating-act,,,,,,,,"{""graphs"": [{""graphid"": ""07c3abbe-52cc-501b-98ef-58403bbf37e0"", ""name"": ""Tikanga"", ""ontologyProperty"": ""https://ontology.swissartresearch.net/aaao/ZP42i_was_intentionally_initiated_by"", ""inverseOntologyProperty"": """"}]}",,,,,,
update_node,classificatory-status-terminating-act,,,,,,,,"{""graphs"": [{""graphid"": ""07c3abbe-52cc-501b-98ef-58403bbf37e0"", ""name"": ""Tikanga"", ""ontologyProperty"": ""https://ontology.swissartresearch.net/aaao/ZP52i_was_intentionally_terminated_by"", ""inverseOntologyProperty"": """"}]}",,,,,,
# Initiating / terminating acts for Appellative and Evental Locative Status -> Tikanga,,,,,,,,,,,,,,,
update_node,appellative-status-initiating-act,,,,,,,,"{""graphs"": [{""graphid"": ""07c3abbe-52cc-501b-98ef-58403bbf37e0"", ""name"": ""Tikanga"", ""ontologyProperty"": ""https://ontology.swissartresearch.net/aaao/ZP42i_was_intentionally_initiated_by"", ""inverseOntologyProperty"": """"}]}",,,,,,
update_node,appellative-status-terminating-act,,,,,,,,"{""graphs"": [{""graphid"": ""07c3abbe-52cc-501b-98ef-58403bbf37e0"", ""name"": ""Tikanga"", ""ontologyProperty"": ""https://ontology.swissartresearch.net/aaao/ZP52i_was_intentionally_terminated_by"", ""inverseOntologyProperty"": """"}]}",,,,,,
update_node,evental-locative-status-initiating-act,,,,,,,,"{""graphs"": [{""graphid"": ""07c3abbe-52cc-501b-98ef-58403bbf37e0"", ""name"": ""Tikanga"", ""ontologyProperty"": ""https://ontology.swissartresearch.net/aaao/ZP42i_was_intentionally_initiated_by"", ""inverseOntologyProperty"": """"}]}",,,,,,
update_node,evental-locative-status-terminating-act,,,,,,,,"{""graphs"": [{""graphid"": ""07c3abbe-52cc-501b-98ef-58403bbf37e0"", ""name"": ""Tikanga"", ""ontologyProperty"": ""https://ontology.swissartresearch.net/aaao/ZP52i_was_intentionally_terminated_by"", ""inverseOntologyProperty"": """"}]}",,,,,,
