action,subject,object,params.name,params.datatype,params.cardinality,params.ontology_class,params.parent_property,params.description,params.config,params.ontology_property,params.publication_id,params.alias_prefix,params.name_prefix,params.label,params.alias_suffix
load_graph,d612f761-2568-538e-b05e-eb9f81dca31c,,,,,,,,,,,,,,
# Rename 'Name'  to 'Event Names',,,,,,,,,,,,,,,
rename_node,e33_e41_linguistic_appellation_HERF.1061,event_names,Event Names,,,,,,,,,,,,
# Rename 'Identifier Reference'  to 'External Cross Reference',,,,,,,,,,,,,,,
rename_node,e42_identifier_81,external_cross_reference,External Cross Reference,,,,,,,,,,,,
# Rename 'Statement' to 'Description',,,,,,,,,,,,,,,
rename_node,e33_linguistic_object_131,event_descriptions,Event Descriptions,,,,,,,,,,,,
# Rename 'Record Status Assignment' to 'Record Status',,,,,,,,,,,,,,,
rename_node,e13_attribute_assignment_HERF.491,record_status,Record Status,,,,,,,,,,,,
# Rename 'Bibliographic Source'  to 'Associated Bibliographic Sources',,,,,,,,,,,,,,,
rename_node,e73_information_object_HERF.1151,associated_bibliographic_sources,Associated Bibliographic Sources,,,,,,,,,,,,
# Rename 'Type' to 'Resource Model Type',,,,,,,,,,,,,,,
rename_node,e55_type_111,resource_model_type,Resource Model Type,,,,,,,,,,,,
# Rename 'Timespan'  to 'Event Timespan',,,,,,,,,,,,,,,
rename_node,e52_time-span_221,event_timespan,Event Timespan,,,,,,,,,,,,
# Rename 'Classificatory Status' to 'Classification',,,,,,,,,,,,,,,
rename_node,ze4_classificatory_status_SRDF.3721,classification,Classification,,,,,,,,,,,,
"# Appellative Status: Appelation, Timespan, Statement",,,,,,,,,,,,,,,
add_subgraph,appellative-status-ascribed-appellation,bbd0d023-955d-11e6-b664-024f9e178154,,,,,,,,http://www.cidoc-crm.org/cidoc-crm/P1_is_identified_by,,appellative-status,Appellative Status,,
# Remove stray text widget on the semantic branch node names (same fix as 50_tikanga row 15) - this is why Appellation did not show as a card,,,,,,,,,,,,,,,
delete_widget,9a283bee-7e05-5fc8-b46a-45e138862aaf,,,,,,,,,,,,,,
rename_node,names,appellative_status_appellation,Appellation,,,,,,,,,,,,
add_node,appellative-status-time-span,appellative_status_display_date,Appellative Status Display Date,string,1,http://www.w3.org/2000/01/rdf-schema#Literal,http://www.cidoc-crm.org/cidoc-crm/P3_has_note,,,,,,,,
add_node,appellative-status-time-span,appellative_status_start_date,Appellative Status Start Date,date,1,http://www.cidoc-crm.org/cidoc-crm/E61_Time_Primitive,http://www.cidoc-crm.org/cidoc-crm/P82a_begin_of_the_begin,,,,,,,,
add_node,appellative-status-time-span,appellative_status_end_date,Appellative Status End Date,date,1,http://www.cidoc-crm.org/cidoc-crm/E61_Time_Primitive,http://www.cidoc-crm.org/cidoc-crm/P82b_end_of_the_end,,,,,,,,
add_node,appellative-status-time-span,appellative_status_date_qualifier,Appellative Status Date Qualifier,reference,1,http://www.cidoc-crm.org/cidoc-crm/E55_Type,http://www.cidoc-crm.org/cidoc-crm/P2_has_type,,"{""controlledList"":""366686d6-deb0-4245-81a3-f94d791a388c""}",,,,,,
add_node,appellative_status_date_qualifier,appellative_status_date_qualifier_metatype,Appellative Status Date Qualifier Metatype,reference,1,http://www.cidoc-crm.org/cidoc-crm/E55_Type,http://www.cidoc-crm.org/cidoc-crm/P2_has_type,,"{""controlledList"":""1e63c514-eb9d-48d3-94b5-35e060e5f368""}",,,,,,
add_subgraph,appellative-status-statement,251551d8-7fe7-11ea-bcad-f875a44e0e11,,,,,,,,http://www.cidoc-crm.org/cidoc-crm/P67i_is_referred_to_by,,appellative-status,Appellative Status,,appellative_status_statement
rename_node,descriptions,appellative_status_statements,Appellative Status Statement,,,,,,,,,,,,
"# Classification: Timespan, Statement",,,,,,,,,,,,,,,
add_node,classificatory-status-time-span,classification_display_date,Classification Display Date,string,1,http://www.w3.org/2000/01/rdf-schema#Literal,http://www.cidoc-crm.org/cidoc-crm/P3_has_note,,,,,,,,
add_node,classificatory-status-time-span,classification_start_date,Classification Start Date,date,1,http://www.cidoc-crm.org/cidoc-crm/E61_Time_Primitive,http://www.cidoc-crm.org/cidoc-crm/P82a_begin_of_the_begin,,,,,,,,
add_node,classificatory-status-time-span,classification_end_date,Classification End Date,date,1,http://www.cidoc-crm.org/cidoc-crm/E61_Time_Primitive,http://www.cidoc-crm.org/cidoc-crm/P82b_end_of_the_end,,,,,,,,
add_node,classificatory-status-time-span,classification_date_qualifier,Classification Date Qualifier,reference,1,http://www.cidoc-crm.org/cidoc-crm/E55_Type,http://www.cidoc-crm.org/cidoc-crm/P2_has_type,,"{""controlledList"":""366686d6-deb0-4245-81a3-f94d791a388c""}",,,,,,
add_node,classification_date_qualifier,classification_date_qualifier_metatype,Classification Date Qualifier Metatype,reference,1,http://www.cidoc-crm.org/cidoc-crm/E55_Type,http://www.cidoc-crm.org/cidoc-crm/P2_has_type,,"{""controlledList"":""1e63c514-eb9d-48d3-94b5-35e060e5f368""}",,,,,,
add_subgraph,classificatory-status-statement,251551d8-7fe7-11ea-bcad-f875a44e0e11,,,,,,,,http://www.cidoc-crm.org/cidoc-crm/P67i_is_referred_to_by,,classificatory-status,Classification,,classificatory_status_statement
rename_node,descriptions,classificatory_status_statements,Classificatory Status Statement,,,,,,,,,,,,
"# Function Status: Timespan, Statement",,,,,,,,,,,,,,,
add_node,function-status-time-span,function_status_display_date,Function Status Display Date,string,1,http://www.w3.org/2000/01/rdf-schema#Literal,http://www.cidoc-crm.org/cidoc-crm/P3_has_note,,,,,,,,
add_node,function-status-time-span,function_status_start_date,Function Status Start Date,date,1,http://www.cidoc-crm.org/cidoc-crm/E61_Time_Primitive,http://www.cidoc-crm.org/cidoc-crm/P82a_begin_of_the_begin,,,,,,,,
add_node,function-status-time-span,function_status_end_date,Function Status End Date,date,1,http://www.cidoc-crm.org/cidoc-crm/E61_Time_Primitive,http://www.cidoc-crm.org/cidoc-crm/P82b_end_of_the_end,,,,,,,,
add_node,function-status-time-span,function_status_date_qualifier,Function Status Date Qualifier,reference,1,http://www.cidoc-crm.org/cidoc-crm/E55_Type,http://www.cidoc-crm.org/cidoc-crm/P2_has_type,,"{""controlledList"":""366686d6-deb0-4245-81a3-f94d791a388c""}",,,,,,
add_node,function_status_date_qualifier,function_status_date_qualifier_metatype,Function Status Date Qualifier Metatype,reference,1,http://www.cidoc-crm.org/cidoc-crm/E55_Type,http://www.cidoc-crm.org/cidoc-crm/P2_has_type,,"{""controlledList"":""1e63c514-eb9d-48d3-94b5-35e060e5f368""}",,,,,,
add_subgraph,function-status-statement,251551d8-7fe7-11ea-bcad-f875a44e0e11,,,,,,,,http://www.cidoc-crm.org/cidoc-crm/P67i_is_referred_to_by,,function-status,Function Status,,function_status_statement
rename_node,descriptions,function_status_statements,Function Status Statement,,,,,,,,,,,,
"# Evental Locative Status: Timespan, Statement",,,,,,,,,,,,,,,
add_node,evental-locative-status-time-span,evental_locative_status_display_date,Evental Locative Status Display Date,string,1,http://www.w3.org/2000/01/rdf-schema#Literal,http://www.cidoc-crm.org/cidoc-crm/P3_has_note,,,,,,,,
add_node,evental-locative-status-time-span,evental_locative_status_start_date,Evental Locative Status Start Date,date,1,http://www.cidoc-crm.org/cidoc-crm/E61_Time_Primitive,http://www.cidoc-crm.org/cidoc-crm/P82a_begin_of_the_begin,,,,,,,,
add_node,evental-locative-status-time-span,evental_locative_status_end_date,Evental Locative Status End Date,date,1,http://www.cidoc-crm.org/cidoc-crm/E61_Time_Primitive,http://www.cidoc-crm.org/cidoc-crm/P82b_end_of_the_end,,,,,,,,
add_node,evental-locative-status-time-span,evental_locative_status_date_qualifier,Evental Locative Status Date Qualifier,reference,1,http://www.cidoc-crm.org/cidoc-crm/E55_Type,http://www.cidoc-crm.org/cidoc-crm/P2_has_type,,"{""controlledList"":""366686d6-deb0-4245-81a3-f94d791a388c""}",,,,,,
add_node,evental_locative_status_date_qualifier,evental_locative_status_date_qualifier_metatype,Evental Locative Status Date Qualifier Metatype,reference,1,http://www.cidoc-crm.org/cidoc-crm/E55_Type,http://www.cidoc-crm.org/cidoc-crm/P2_has_type,,"{""controlledList"":""1e63c514-eb9d-48d3-94b5-35e060e5f368""}",,,,,,
add_subgraph,evental-locative-status-statement,251551d8-7fe7-11ea-bcad-f875a44e0e11,,,,,,,,http://www.cidoc-crm.org/cidoc-crm/P67i_is_referred_to_by,,evental-locative-status,Evental Locative Status,,evental_locative_status_statement
rename_node,descriptions,evental_locative_status_statements,Evental Locative Status Statement,,,,,,,,,,,,
# Location Descriptions (Location_Descriptions.json) - own Type/Metatype fields,,,,,,,,,,,,,,,
add_subgraph,location-descriptions,db618aac-993a-11ea-9bde-f875a44e0e11,,,,,,,,http://www.cidoc-crm.org/cidoc-crm/P67i_is_referred_to_by,,location,Location Data,,
# --- System_Reference_Numbers.json,,,,,,,,,,,,,,,
add_subgraph,event,c3cb4d26-19bc-11eb-aee7-f875a44e0e11,,,,,,,,http://www.cidoc-crm.org/cidoc-crm/P140i_was_attributed_by,,,,,
"# --- Location Data branch files : Land Use Classification Assignment , Localities/Administrative Areas, Addresses , Geometry , Area Assignments (Area.json)",,,,,,,,,,,,,,,
add_subgraph,location-classification-assignment,fc0a29e8-28c3-11eb-a8cf-f875a44e0e11,,,,,,,,http://www.cidoc-crm.org/cidoc-crm/P141i_was_assigned_by,,location,Location Data,,
add_subgraph,localities-administrative-areas,8fd40cd0-993a-11ea-a3b9-f875a44e0e11,,,,,,,,http://www.cidoc-crm.org/cidoc-crm/P89_falls_within,,location,Location Data,,
add_subgraph,location-addresses,5dedc7c0-993a-11ea-bc4e-f875a44e0e11,,,,,,,,http://www.cidoc-crm.org/cidoc-crm/P1_is_identified_by,,location,Location Data,,
add_subgraph,location-geometry,f68b49ee-3a39-11eb-99ac-f875a44e0e11,,,,,,,,http://www.ics.forth.gr/isl/CRMgeo/Q11i_is_approximated_by,,location,Location Data,,
add_subgraph,location-assignments,2c478fc0-12dc-11eb-9ce9-f875a44e0e11,,,,,,,,http://www.cidoc-crm.org/cidoc-crm/P141_assigned,,location,Location Data,,
"# Bibliographic Source: Pages -> using ""Page References"" branch",,,,,,,,,,,,,,,
add_node,associated_bibliographic_sources,figures,Figures,semantic,1,http://www.cidoc-crm.org/cidoc-crm/E73_Information_Object,http://www.cidoc-crm.org/cidoc-crm/P106_is_composed_of,,,,,,,,
add_node,figures,figs,Figs.,string,1,http://www.w3.org/2000/01/rdf-schema#Literal,http://www.cidoc-crm.org/cidoc-crm/P3_has_note,,,,,,,,
add_node,figures,figures_type,Figures Type,reference,1,http://www.cidoc-crm.org/cidoc-crm/E55_Type,http://www.cidoc-crm.org/cidoc-crm/P2_has_type,,"{""controlledList"":""3efb92ea-ae58-42a3-8374-db3653c36c9f""}",,,,,,
add_node,figures_type,figures_metatype,Figures Metatype,reference,1,http://www.cidoc-crm.org/cidoc-crm/E55_Type,http://www.cidoc-crm.org/cidoc-crm/P2_has_type,,"{""controlledList"":""1e63c514-eb9d-48d3-94b5-35e060e5f368""}",,,,,,
# Bibliographic Source: Plates (per Person model Associated Bibliographic Source > Plates),,,,,,,,,,,,,,,
add_node,associated_bibliographic_sources,plates,Plates,semantic,1,http://www.cidoc-crm.org/cidoc-crm/E73_Information_Object,http://www.cidoc-crm.org/cidoc-crm/P106_is_composed_of,,,,,,,,
add_node,plates,plate_s,Plate(s),string,1,http://www.w3.org/2000/01/rdf-schema#Literal,http://www.cidoc-crm.org/cidoc-crm/P3_has_note,,,,,,,,
add_node,plates,plates_type,Plates Type,reference,1,http://www.cidoc-crm.org/cidoc-crm/E55_Type,http://www.cidoc-crm.org/cidoc-crm/P2_has_type,,"{""controlledList"":""3efb92ea-ae58-42a3-8374-db3653c36c9f""}",,,,,,
add_node,plates_type,plates_metatype,Plates Metatype,reference,1,http://www.cidoc-crm.org/cidoc-crm/E55_Type,http://www.cidoc-crm.org/cidoc-crm/P2_has_type,,"{""controlledList"":""1e63c514-eb9d-48d3-94b5-35e060e5f368""}",,,,,,
add_subgraph,bibliographic-source-partial-information,f313164c-992f-11ea-a67e-f875a44e0e11,,,,,,,,http://www.cidoc-crm.org/cidoc-crm/P140i_was_attributed_by,,bibliographic-source,Associated Bibliographic Sources,,
rename_node,page_references,bibliographic_source_pages,Pages,,,,,,,,,,,,
"# Cross Reference Note: dedicated ""Additional Notes"" branch",,,,,,,,,,,,,,,
add_subgraph,identifier-reference-notes,ae71416c-025b-11eb-9eec-f875a44e0e11,,,,,,,,http://www.cidoc-crm.org/cidoc-crm/P67i_is_referred_to_by,,identifier-reference,External Cross Reference,,identifier_reference_notes
rename_node,additional_notes,cross_reference_notes,Cross Reference Note,,,,,,,,,,,,
# --- Fix node display names,,,,,,,,,,,,,,,
rename_node,appellative-status-ascribed-appellation,appellation,Appellation,,,,,,,,,,,,
rename_node,appellative-status-time-span,appellative_status_timespan,Appellative Status Timespan,,,,,,,,,,,,
rename_node,appellative-status-statement,appellative_status_statement,Appellative Status Statement,,,,,,,,,,,,
rename_node,classificatory-status-time-span,classification_time_span,Classification Time-span,,,,,,,,,,,,
rename_node,classificatory-status-statement,classificatory_status_statement,Classificatory Status Statement,,,,,,,,,,,,
rename_node,function-status-time-span,function_status_timespan,Function Status Timespan,,,,,,,,,,,,
rename_node,function-status-statement,function_status_statement,Function Status Statement,,,,,,,,,,,,
rename_node,evental-locative-status-time-span,evental_locative_status_timespan,Evental Locative Status Timespan,,,,,,,,,,,,
rename_node,evental-locative-status-statement,evental_locative_status_statement,Evental Locative Status Statement,,,,,,,,,,,,
rename_node,bibliographic-source-partial-information,pages,Pages,,,,,,,,,,,,
rename_node,identifier-reference-notes,cross_reference_note,Cross Reference Note,,,,,,,,,,,,
"# --- Audit Notes: same ""Additional Notes"" branch as Cross Reference Note (both use HERC.29_reference_notes) ---",,,,,,,,,,,,,,,
add_subgraph,audit-description,ae71416c-025b-11eb-9eec-f875a44e0e11,,,,,,,,http://www.cidoc-crm.org/cidoc-crm/P67i_is_referred_to_by,,audit,Audit Metadata,,audit_description
rename_node,additional_notes,audit_notes_entries,Audit Notes,,,,,,,,,,,,
rename_node,audit-description,audit_notes,Audit Notes,,,,,,,,,,,,
# --- Fix machine-readable name of the Audit Metadata node ---,,,,,,,,,,,,,,,
rename_node,d1_digital_object_HERF.31,audit_metadata,Audit Metadata,,,,,,,,,,,,
# --- Audit Creation:,,,,,,,,,,,,,,,
rename_node,audit-creation,audit_creation,Audit Creation,,,,,,,,,,,,
add_node,audit_creation,audit_creator,Creator,semantic,1,http://www.cidoc-crm.org/cidoc-crm/E21_Person,http://www.cidoc-crm.org/cidoc-crm/P14_carried_out_by,,,,,,,,
add_node,audit_creator,audit_creator_names,Creator Names,semantic,1,http://www.cidoc-crm.org/cidoc-crm/E41_Appellation,http://www.cidoc-crm.org/cidoc-crm/P1_is_identified_by,,,,,,,,
add_node,audit_creator_names,audit_creator_name,Creator Name,string,1,http://www.w3.org/2000/01/rdf-schema#Literal,http://www.cidoc-crm.org/cidoc-crm/P3_has_note,,,,,,,,
add_node,audit_creator_names,audit_creator_name_type,Creator Name Type,reference,1,http://www.cidoc-crm.org/cidoc-crm/E55_Type,http://www.cidoc-crm.org/cidoc-crm/P2_has_type,,"{""controlledList"":""3e545767-c46c-4fe7-8754-c24528ba0842""}",,,,,,
add_node,audit_creator_name_type,audit_creator_name_metatype,Creator Name Metatype,reference,1,http://www.cidoc-crm.org/cidoc-crm/E55_Type,http://www.cidoc-crm.org/cidoc-crm/P2_has_type,,"{""controlledList"":""1e63c514-eb9d-48d3-94b5-35e060e5f368""}",,,,,,
add_node,audit_creator_names,audit_creator_name_use_type,Creator Name Use Type,reference,1,http://www.cidoc-crm.org/cidoc-crm/E55_Type,http://www.cidoc-crm.org/cidoc-crm/P2_has_type,,"{""controlledList"":""1e4df896-992b-475e-bb5a-78817d3066d7""}",,,,,,
add_node,audit_creator_name_use_type,audit_creator_name_use_metatype,Creator Name Use Metatype,reference,1,http://www.cidoc-crm.org/cidoc-crm/E55_Type,http://www.cidoc-crm.org/cidoc-crm/P2_has_type,,"{""controlledList"":""1e63c514-eb9d-48d3-94b5-35e060e5f368""}",,,,,,
add_node,audit_creator_names,audit_creator_name_currency,Creator Name Currency,reference,1,http://www.cidoc-crm.org/cidoc-crm/E55_Type,http://www.cidoc-crm.org/cidoc-crm/P2_has_type,,"{""controlledList"":""a346ee99-67f6-44cd-87f7-b564ce32cdf3""}",,,,,,
add_node,audit_creator_name_currency,audit_creator_name_currency_metatype,Creator Name Currency Metatype,reference,1,http://www.cidoc-crm.org/cidoc-crm/E55_Type,http://www.cidoc-crm.org/cidoc-crm/P2_has_type,,"{""controlledList"":""1e63c514-eb9d-48d3-94b5-35e060e5f368""}",,,,,,
add_node,audit_creation,audit_creation_timespan,Creation Timespan,semantic,1,http://www.cidoc-crm.org/cidoc-crm/E52_Time-Span,http://www.cidoc-crm.org/cidoc-crm/P4_has_time-span,,,,,,,,
add_node,audit_creation_timespan,audit_creation_date,Creation Date,edtf,1,http://www.cidoc-crm.org/cidoc-crm/E61_Time_Primitive,http://www.cidoc-crm.org/cidoc-crm/P82a_begin_of_the_begin,,,,,,,,
add_node,audit_creation_timespan,audit_creation_end_date,Creation End Date,date,1,http://www.cidoc-crm.org/cidoc-crm/E61_Time_Primitive,http://www.cidoc-crm.org/cidoc-crm/P82b_end_of_the_end,,,,,,,,
add_node,audit_creation_timespan,audit_creation_date_qualifier,Creation Date Qualifier,reference,1,http://www.cidoc-crm.org/cidoc-crm/E55_Type,http://www.cidoc-crm.org/cidoc-crm/P2_has_type,,"{""controlledList"":""366686d6-deb0-4245-81a3-f94d791a388c""}",,,,,,
add_node,audit_creation_date_qualifier,audit_creation_date_qualifier_metatype,Creation Date Qualifier Metatype,reference,1,http://www.cidoc-crm.org/cidoc-crm/E55_Type,http://www.cidoc-crm.org/cidoc-crm/P2_has_type,,"{""controlledList"":""1e63c514-eb9d-48d3-94b5-35e060e5f368""}",,,,,,
# --- Audit Update:,,,,,,,,,,,,,,,
add_node,audit_metadata,audit_update,Audit Update,semantic,1,http://www.ics.forth.gr/isl/CRMdig/D10_Software_Execution,http://www.ics.forth.gr/isl/CRMdig/L24i_was_logfile_created_by,,,,,,,,
add_node,audit_update,audit_updater,Updater,semantic,1,http://www.cidoc-crm.org/cidoc-crm/E21_Person,http://www.cidoc-crm.org/cidoc-crm/P14_carried_out_by,,,,,,,,
add_node,audit_updater,audit_updater_names,Updater Names,semantic,1,http://www.cidoc-crm.org/cidoc-crm/E41_Appellation,http://www.cidoc-crm.org/cidoc-crm/P1_is_identified_by,,,,,,,,
add_node,audit_updater_names,audit_updater_name,Updater Name,string,1,http://www.w3.org/2000/01/rdf-schema#Literal,http://www.cidoc-crm.org/cidoc-crm/P3_has_note,,,,,,,,
add_node,audit_updater_names,audit_updater_name_type,Updater Name Type,reference,1,http://www.cidoc-crm.org/cidoc-crm/E55_Type,http://www.cidoc-crm.org/cidoc-crm/P2_has_type,,"{""controlledList"":""3e545767-c46c-4fe7-8754-c24528ba0842""}",,,,,,
add_node,audit_updater_name_type,audit_updater_name_metatype,Updater Name Metatype,reference,1,http://www.cidoc-crm.org/cidoc-crm/E55_Type,http://www.cidoc-crm.org/cidoc-crm/P2_has_type,,"{""controlledList"":""1e63c514-eb9d-48d3-94b5-35e060e5f368""}",,,,,,
add_node,audit_updater_names,audit_updater_name_use_type,Updater Name Use Type,reference,1,http://www.cidoc-crm.org/cidoc-crm/E55_Type,http://www.cidoc-crm.org/cidoc-crm/P2_has_type,,"{""controlledList"":""1e4df896-992b-475e-bb5a-78817d3066d7""}",,,,,,
add_node,audit_updater_name_use_type,audit_updater_name_use_metatype,Updater Name Use Metatype,reference,1,http://www.cidoc-crm.org/cidoc-crm/E55_Type,http://www.cidoc-crm.org/cidoc-crm/P2_has_type,,"{""controlledList"":""1e63c514-eb9d-48d3-94b5-35e060e5f368""}",,,,,,
add_node,audit_updater_names,audit_updater_name_currency,Updater Name Currency,reference,1,http://www.cidoc-crm.org/cidoc-crm/E55_Type,http://www.cidoc-crm.org/cidoc-crm/P2_has_type,,"{""controlledList"":""a346ee99-67f6-44cd-87f7-b564ce32cdf3""}",,,,,,
add_node,audit_updater_name_currency,audit_updater_name_currency_metatype,Updater Name Currency Metatype,reference,1,http://www.cidoc-crm.org/cidoc-crm/E55_Type,http://www.cidoc-crm.org/cidoc-crm/P2_has_type,,"{""controlledList"":""1e63c514-eb9d-48d3-94b5-35e060e5f368""}",,,,,,
add_node,audit_update,audit_update_timespan,Update Timespan,semantic,1,http://www.cidoc-crm.org/cidoc-crm/E52_Time-Span,http://www.cidoc-crm.org/cidoc-crm/P4_has_time-span,,,,,,,,
add_node,audit_update_timespan,audit_date_of_last_update,Date of Last Update,date,1,http://www.cidoc-crm.org/cidoc-crm/E61_Time_Primitive,http://www.cidoc-crm.org/cidoc-crm/P82a_begin_of_the_begin,,,,,,,,
add_node,audit_update_timespan,audit_update_end_date,Update End Date,date,1,http://www.cidoc-crm.org/cidoc-crm/E61_Time_Primitive,http://www.cidoc-crm.org/cidoc-crm/P82b_end_of_the_end,,,,,,,,
add_node,audit_update_timespan,audit_update_date_qualifier,Update Date Qualifier,reference,1,http://www.cidoc-crm.org/cidoc-crm/E55_Type,http://www.cidoc-crm.org/cidoc-crm/P2_has_type,,"{""controlledList"":""366686d6-deb0-4245-81a3-f94d791a388c""}",,,,,,
add_node,audit_update_date_qualifier,audit_update_date_qualifier_metatype,Update Date Qualifier Metatype,reference,1,http://www.cidoc-crm.org/cidoc-crm/E55_Type,http://www.cidoc-crm.org/cidoc-crm/P2_has_type,,"{""controlledList"":""1e63c514-eb9d-48d3-94b5-35e060e5f368""}",,,,,,
# --- New renames: Appellative Status / Evental Locative Status / Function Status root nodes ---,,,,,,,,,,,,,,,
rename_node,ze2_appellative_status_SRDF.5181,appellative_status,Appellative Status,,,,,,,,,,,,
rename_node,ze60_evental_locative_status_SRDF.7241,evental_locative_status,Evental Locative Status,,,,,,,,,,,,
rename_node,ze5_function_status_SRDF.5581,function_status,Function Status,,,,,,,,,,,,
# REMOVED old row 124 (rename localities-administrative-areas -> 'Localities/Administrative Whenuas'): it renamed the Location Data card and put 'Whenuas' in place of 'Areas',,,,,,,,,,,,,,,
rename_node,associated-monuments-and-areas,associated_heritage_place_area_or_artefact,"Associated Heritage Place, Area or Artefact",,,,,,,,,,,,
"# Reference Mātauranga: base puts it in the Bibliographic nodegroup 2b3c7eb8 (3 root children share it), so it can never get its own card there. It is an EMPTY leaf (no children) -> delete and recreate at root (same root add_node pattern as 50_tikanga row 40) so it gets its own nodegroup + card",,,,,,,,,,,,,,,
delete_node,source-reference-particular,,,,,,,,,,,,,,
add_node,event,reference_matauranga,Reference Mātauranga,resource-instance-list,n,http://www.cidoc-crm.org/cidoc-crm/E33_Linguistic_Object,http://www.cidoc-crm.org/cidoc-crm/P129i_is_subject_of,,"{""graphid"":[""5ca3130d-8d4d-526c-bc41-a2032823b8f9""],""graphs"":[{""graphid"":""5ca3130d-8d4d-526c-bc41-a2032823b8f9"",""name"":""Mātauranga""}],""searchDsl"":"""",""searchString"":""""}",,,,,,
# === FIXES 2026-10-08 ===,,,,,,,,,,,,,,,
"# Event Descriptions > Description: rich text widget, label only - same as 53_Whenua rows 71-73 (with params.config the run gave a text widget)",,,,,,,,,,,,,,,
delete_widget,43831f60-3ca2-50ce-b8af-19d2556549d4,,,,,,,,,,,,,,
add_widget,c87b5432-3adc-56fa-8cad-c0ee1fd8c3a7,10000000-0000-0000-0000-000000000005,,,,,,,,,,,,Description,
rename_node,statement-content,event_description,Description,,,,,,,,,,,,
# Associated Bibliographic Sources > Source Number: base E42 leaf bibliographic-source-number was empty,,,,,,,,,,,,,,,
add_node,bibliographic-source-number,source_number,Source Number,string,1,http://www.w3.org/2000/01/rdf-schema#Literal,http://www.cidoc-crm.org/cidoc-crm/P3_has_note,,,,,,,,
add_node,bibliographic-source-number,source_number_type,Source Number Type,reference,1,http://www.cidoc-crm.org/cidoc-crm/E55_Type,http://www.cidoc-crm.org/cidoc-crm/P2_has_type,,"{""controlledList"":""3e545767-c46c-4fe7-8754-c24528ba0842""}",,,,,,
add_node,source_number_type,source_number_metatype,Source Number Metatype,reference,1,http://www.cidoc-crm.org/cidoc-crm/E55_Type,http://www.cidoc-crm.org/cidoc-crm/P2_has_type,,"{""controlledList"":""1e63c514-eb9d-48d3-94b5-35e060e5f368""}",,,,,,
# Event Type (LAC.3_type): own branch at root; same lists as Resource Model Type in 53_Whenua,,,,,,,,,,,,,,,
add_node,event,event_type,Event Type,reference,n,http://www.cidoc-crm.org/cidoc-crm/E55_Type,http://www.cidoc-crm.org/cidoc-crm/P2_has_type,,"{""controlledList"":""49b0d419-7425-4beb-8460-9b87e320ea05""}",,,,,,
add_node,event_type,event_metatype,Event Metatype,reference,1,http://www.cidoc-crm.org/cidoc-crm/E55_Type,http://www.cidoc-crm.org/cidoc-crm/P2_has_type,,"{""controlledList"":""1e63c514-eb9d-48d3-94b5-35e060e5f368""}",,,,,,
# Resource-instance restrictions via update_node (keeps the dropdown widget; add_widget gives these nodes a text widget) - same as 53_Whenua,,,,,,,,,,,,,,,
update_node,appellative-status-event-context,,,,,,,,"{""graphid"":[""d612f761-2568-538e-b05e-eb9f81dca31c""],""graphs"":[{""graphid"":""d612f761-2568-538e-b05e-eb9f81dca31c"",""name"":""Event""}],""searchDsl"":"""",""searchString"":""""}",,,,,,
update_node,classificatory-status-event-context,,,,,,,,"{""graphid"":[""d612f761-2568-538e-b05e-eb9f81dca31c""],""graphs"":[{""graphid"":""d612f761-2568-538e-b05e-eb9f81dca31c"",""name"":""Event""}],""searchDsl"":"""",""searchString"":""""}",,,,,,
update_node,function-status-event-context,,,,,,,,"{""graphid"":[""d612f761-2568-538e-b05e-eb9f81dca31c""],""graphs"":[{""graphid"":""d612f761-2568-538e-b05e-eb9f81dca31c"",""name"":""Event""}],""searchDsl"":"""",""searchString"":""""}",,,,,,
update_node,evental-locative-status-event-context,,,,,,,,"{""graphid"":[""d612f761-2568-538e-b05e-eb9f81dca31c""],""graphs"":[{""graphid"":""d612f761-2568-538e-b05e-eb9f81dca31c"",""name"":""Event""}],""searchDsl"":"""",""searchString"":""""}",,,,,,
update_node,appellative-status-initiating-act,,,,,,,,"{""graphid"":[""07c3abbe-52cc-501b-98ef-58403bbf37e0""],""graphs"":[{""graphid"":""07c3abbe-52cc-501b-98ef-58403bbf37e0"",""name"":""Tikanga""}],""searchDsl"":"""",""searchString"":""""}",,,,,,
update_node,appellative-status-terminating-act,,,,,,,,"{""graphid"":[""07c3abbe-52cc-501b-98ef-58403bbf37e0""],""graphs"":[{""graphid"":""07c3abbe-52cc-501b-98ef-58403bbf37e0"",""name"":""Tikanga""}],""searchDsl"":"""",""searchString"":""""}",,,,,,
update_node,classificatory-status-initiating-act,,,,,,,,"{""graphid"":[""07c3abbe-52cc-501b-98ef-58403bbf37e0""],""graphs"":[{""graphid"":""07c3abbe-52cc-501b-98ef-58403bbf37e0"",""name"":""Tikanga""}],""searchDsl"":"""",""searchString"":""""}",,,,,,
update_node,classificatory-status-terminating-act,,,,,,,,"{""graphid"":[""07c3abbe-52cc-501b-98ef-58403bbf37e0""],""graphs"":[{""graphid"":""07c3abbe-52cc-501b-98ef-58403bbf37e0"",""name"":""Tikanga""}],""searchDsl"":"""",""searchString"":""""}",,,,,,
update_node,function-status-initiating-act,,,,,,,,"{""graphid"":[""07c3abbe-52cc-501b-98ef-58403bbf37e0""],""graphs"":[{""graphid"":""07c3abbe-52cc-501b-98ef-58403bbf37e0"",""name"":""Tikanga""}],""searchDsl"":"""",""searchString"":""""}",,,,,,
update_node,function-status-terminating-act,,,,,,,,"{""graphid"":[""07c3abbe-52cc-501b-98ef-58403bbf37e0""],""graphs"":[{""graphid"":""07c3abbe-52cc-501b-98ef-58403bbf37e0"",""name"":""Tikanga""}],""searchDsl"":"""",""searchString"":""""}",,,,,,
update_node,evental-locative-status-initiating-act,,,,,,,,"{""graphid"":[""07c3abbe-52cc-501b-98ef-58403bbf37e0""],""graphs"":[{""graphid"":""07c3abbe-52cc-501b-98ef-58403bbf37e0"",""name"":""Tikanga""}],""searchDsl"":"""",""searchString"":""""}",,,,,,
update_node,evental-locative-status-terminating-act,,,,,,,,"{""graphid"":[""07c3abbe-52cc-501b-98ef-58403bbf37e0""],""graphs"":[{""graphid"":""07c3abbe-52cc-501b-98ef-58403bbf37e0"",""name"":""Tikanga""}],""searchDsl"":"""",""searchString"":""""}",,,,,,
update_node,appellative-status-holds-for,,,,,,,,"{""graphid"":[""d4a88461-5463-11e9-90d9-000d3ab1e588""],""graphs"":[{""graphid"":""d4a88461-5463-11e9-90d9-000d3ab1e588"",""name"":""Organization""}],""searchDsl"":"""",""searchString"":""""}",,,,,,
update_node,classificatory-status-holds-for,,,,,,,,"{""graphid"":[""d4a88461-5463-11e9-90d9-000d3ab1e588""],""graphs"":[{""graphid"":""d4a88461-5463-11e9-90d9-000d3ab1e588"",""name"":""Organization""}],""searchDsl"":"""",""searchString"":""""}",,,,,,
update_node,function-status-holds-for,,,,,,,,"{""graphid"":[""d4a88461-5463-11e9-90d9-000d3ab1e588""],""graphs"":[{""graphid"":""d4a88461-5463-11e9-90d9-000d3ab1e588"",""name"":""Organization""}],""searchDsl"":"""",""searchString"":""""}",,,,,,
update_node,evental-locative-status-holds-for,,,,,,,,"{""graphid"":[""d4a88461-5463-11e9-90d9-000d3ab1e588""],""graphs"":[{""graphid"":""d4a88461-5463-11e9-90d9-000d3ab1e588"",""name"":""Organization""}],""searchDsl"":"""",""searchString"":""""}",,,,,,
update_node,activity-instrument-used,,,,,,,,"{""graphid"":[""076f9381-7b00-11e9-8d6b-80000b44d1d9"",""343cc20c-2c5a-11e8-90fa-0242ac120005""],""graphs"":[{""graphid"":""076f9381-7b00-11e9-8d6b-80000b44d1d9"",""name"":""Heritage Place""},{""graphid"":""343cc20c-2c5a-11e8-90fa-0242ac120005"",""name"":""Artefact""}],""searchDsl"":"""",""searchString"":""""}",,,,,,
update_node,associated_heritage_place_area_or_artefact,,,,,,,,"{""graphid"":[""076f9381-7b00-11e9-8d6b-80000b44d1d9"",""b92bf9b2-f176-52fe-b118-54776a8c743a"",""343cc20c-2c5a-11e8-90fa-0242ac120005""],""graphs"":[{""graphid"":""076f9381-7b00-11e9-8d6b-80000b44d1d9"",""name"":""Heritage Place""},{""graphid"":""b92bf9b2-f176-52fe-b118-54776a8c743a"",""name"":""Whenua""},{""graphid"":""343cc20c-2c5a-11e8-90fa-0242ac120005"",""name"":""Artefact""}],""searchDsl"":"""",""searchString"":""""}",,,,,,
update_node,bibliographic-source,,,,,,,,"{""graphid"":[""24d7b54f-5464-11e9-a86b-000d3ab1e588""],""graphs"":[{""graphid"":""24d7b54f-5464-11e9-a86b-000d3ab1e588"",""name"":""Bibliographic Source""}],""searchDsl"":"""",""searchString"":""""}",,,,,,
update_node,digital-files,,,,,,,,"{""graphid"":[""a535a235-8481-11ea-a6b9-f875a44e0e11""],""graphs"":[{""graphid"":""a535a235-8481-11ea-a6b9-f875a44e0e11"",""name"":""Digital Object""}],""searchDsl"":"""",""searchString"":""""}",,,,,,
# named-locations and evental-locative-status-ascribed-place stay unrestricted until the Place model graphid is known (same as 53_Whenua),,,,,,,,,,,,,,,
"# Parallel type nodes (semantic E55 owns the metatype + separate value node): drop the value node, make the E55 the dropdown - same as 53_Whenua rows 3-19 / 197-204 / 575-582",,,,,,,,,,,,,,,
delete_node,name-standard-type,,,,,,,,,,,,,,
change_node_type,e55_type_HERF.1081,,,reference,,,,,"{""controlledList"":""3e545767-c46c-4fe7-8754-c24528ba0842""}",,,,,,
add_widget,12f7882a-43df-53cb-b310-f57d75d4526a,19e56148-82b8-47eb-b66e-f6243639a1a8,,,,,,,,,,,,Event Name Type,
rename_node,e55_type_HERF.1081,event_name_type,Event Name Type,,,,,,,,,,,,
delete_widget,1fb09bd8-1a0f-5ae7-9ccc-cb76861a777b,,,,,,,,,,,,,,
change_node_type,name-standard-type-metatype,,,reference,,,,,"{""controlledList"":""1e63c514-eb9d-48d3-94b5-35e060e5f368""}",,,,,,
add_widget,54e3621b-520a-55d6-9af6-1846688e069e,19e56148-82b8-47eb-b66e-f6243639a1a8,,,,,,,,,,,,Event Name Metatype,
rename_node,name-standard-type-metatype,event_name_metatype,Event Name Metatype,,,,,,,,,,,,
delete_node,name-standard-use-type,,,,,,,,,,,,,,
change_node_type,e55_type_HERF.1101,,,reference,,,,,"{""controlledList"":""1e4df896-992b-475e-bb5a-78817d3066d7""}",,,,,,
add_widget,feb183f6-12d2-53e7-a5d1-6f247d4061ed,19e56148-82b8-47eb-b66e-f6243639a1a8,,,,,,,,,,,,Event Name Use Type,
rename_node,e55_type_HERF.1101,event_name_use_type,Event Name Use Type,,,,,,,,,,,,
delete_widget,0e80f121-daf2-5324-9881-1e8cc6981343,,,,,,,,,,,,,,
change_node_type,name-standard-use-type-metatype,,,reference,,,,,"{""controlledList"":""1e63c514-eb9d-48d3-94b5-35e060e5f368""}",,,,,,
add_widget,7b7b6a88-fb6d-521d-b250-b633c98e113e,19e56148-82b8-47eb-b66e-f6243639a1a8,,,,,,,,,,,,Event Name Use Metatype,
rename_node,name-standard-use-type-metatype,event_name_use_metatype,Event Name Use Metatype,,,,,,,,,,,,
delete_node,name-standard-currency,,,,,,,,,,,,,,
change_node_type,e55_type_HERF.1121,,,reference,,,,,"{""controlledList"":""a346ee99-67f6-44cd-87f7-b564ce32cdf3""}",,,,,,
add_widget,59f1bacf-4e85-55ef-b063-15c33d0d7371,19e56148-82b8-47eb-b66e-f6243639a1a8,,,,,,,,,,,,Currency,
rename_node,e55_type_HERF.1121,event_name_currency,Currency,,,,,,,,,,,,
delete_widget,38876fef-3928-5e63-95e5-44bdcf378ac4,,,,,,,,,,,,,,
change_node_type,name-standard-currency-metatype,,,reference,,,,,"{""controlledList"":""1e63c514-eb9d-48d3-94b5-35e060e5f368""}",,,,,,
add_widget,e48a00d3-e87e-525d-a963-99bb86aa61c1,19e56148-82b8-47eb-b66e-f6243639a1a8,,,,,,,,,,,,Event Name Currency Metatype,
rename_node,name-standard-currency-metatype,event_name_currency_metatype,Event Name Currency Metatype,,,,,,,,,,,,
delete_node,statement-type,,,,,,,,,,,,,,
change_node_type,e55_type_141,,,reference,,,,,"{""controlledList"":""0ff39ed3-cc95-4c60-9321-6d4e65fb1f2d""}",,,,,,
add_widget,48af3bc2-48f5-5ede-942e-f48063c38c6f,19e56148-82b8-47eb-b66e-f6243639a1a8,,,,,,,,,,,,Description Type,
rename_node,e55_type_141,event_description_type,Description Type,,,,,,,,,,,,
delete_widget,2cdf4e70-df46-571b-9dd2-704dcb736e03,,,,,,,,,,,,,,
change_node_type,statement-type-metatype,,,reference,,,,,"{""controlledList"":""1e63c514-eb9d-48d3-94b5-35e060e5f368""}",,,,,,
add_widget,7c8cdcd8-cc8a-5e5c-907e-908d4f5903ff,19e56148-82b8-47eb-b66e-f6243639a1a8,,,,,,,,,,,,Description Metatype,
rename_node,statement-type-metatype,event_description_metatype,Description Metatype,,,,,,,,,,,,
delete_node,timespan-type,,,,,,,,,,,,,,
change_node_type,e55_type_481,,,reference,,,,,"{""controlledList"":""366686d6-deb0-4245-81a3-f94d791a388c""}",,,,,,
add_widget,524a0ddd-7881-525a-a1d6-0db8ade82c78,19e56148-82b8-47eb-b66e-f6243639a1a8,,,,,,,,,,,,Event Date Qualifier,
rename_node,e55_type_481,event_date_qualifier,Event Date Qualifier,,,,,,,,,,,,
delete_widget,59aafe17-a187-56f8-9732-bb713bcfb975,,,,,,,,,,,,,,
change_node_type,timespan-type-metatype,,,reference,,,,,"{""controlledList"":""1e63c514-eb9d-48d3-94b5-35e060e5f368""}",,,,,,
add_widget,da94cac7-b633-5123-b6d6-21633ca8a11d,19e56148-82b8-47eb-b66e-f6243639a1a8,,,,,,,,,,,,Event Date Qualifier Metatype,
rename_node,timespan-type-metatype,event_date_qualifier_metatype,Event Date Qualifier Metatype,,,,,,,,,,,,
delete_node,type,,,,,,,,,,,,,,
change_node_type,resource_model_type,,,reference,,,,,"{""controlledList"":""49b0d419-7425-4beb-8460-9b87e320ea05""}",,,,,,
add_widget,466ac3b9-6c6c-5f1d-8d47-fefe58d1dfa6,19e56148-82b8-47eb-b66e-f6243639a1a8,,,,,,,,,,,,Resource Model Type,
rename_node,resource_model_type,resource_model_type,Resource Model Type,,,,,,,,,,,,
delete_widget,98d1d192-60cf-54fa-a95f-ad3a502761a3,,,,,,,,,,,,,,
change_node_type,type-metatype,,,reference,,,,,"{""controlledList"":""1e63c514-eb9d-48d3-94b5-35e060e5f368""}",,,,,,
add_widget,976cb2e5-f837-5d6f-b04e-dca0dd56744f,19e56148-82b8-47eb-b66e-f6243639a1a8,,,,,,,,,,,,Resource Model Metatype,
rename_node,type-metatype,resource_model_metatype,Resource Model Metatype,,,,,,,,,,,,
delete_node,audit-validation,,,,,,,,,,,,,,
change_node_type,e55_type_HERF.81,,,reference,,,,,"{""controlledList"":""98b8dd4b-81d3-4f82-8c9a-6da6ee5c4219""}",,,,,,
add_widget,c9e40d7b-57ba-5e91-b710-a0a1598277a6,19e56148-82b8-47eb-b66e-f6243639a1a8,,,,,,,,,,,,Validation,
rename_node,e55_type_HERF.81,audit_validation,Validation,,,,,,,,,,,,
delete_widget,25a7fa0d-b002-5491-bea2-0adb8e4542a4,,,,,,,,,,,,,,
change_node_type,audit-validation-metatype,,,reference,,,,,"{""controlledList"":""1e63c514-eb9d-48d3-94b5-35e060e5f368""}",,,,,,
add_widget,73c46616-4538-5297-9df2-6927de6023e2,19e56148-82b8-47eb-b66e-f6243639a1a8,,,,,,,,,,,,Validation Metatype,
rename_node,audit-validation-metatype,audit_validation_metatype,Validation Metatype,,,,,,,,,,,,
delete_node,record-status,,,,,,,,,,,,,,
change_node_type,e55_type_HERF.501,,,reference,,,,,"{""controlledList"":""7849cd3c-3f0d-454d-aaea-db9164629641""}",,,,,,
add_widget,5ef0d83d-43ae-529b-96f6-de9767370527,19e56148-82b8-47eb-b66e-f6243639a1a8,,,,,,,,,,,,Status,
rename_node,e55_type_HERF.501,status,Status,,,,,,,,,,,,
delete_widget,1800e5f6-7fe2-50f6-bc11-b4cad8addab4,,,,,,,,,,,,,,
change_node_type,record-status-metatype,,,reference,,,,,"{""controlledList"":""1e63c514-eb9d-48d3-94b5-35e060e5f368""}",,,,,,
add_widget,e6f6f5dc-720d-5ff7-affd-e6b17c3b9b05,19e56148-82b8-47eb-b66e-f6243639a1a8,,,,,,,,,,,,Status Metatype,
rename_node,record-status-metatype,status_metatype,Status Metatype,,,,,,,,,,,,
# Cross Reference Source: real list (53_Whenua row 63),,,,,,,,,,,,,,,
delete_widget,aa0bdeee-fafa-5c82-b3e1-a449e7f4276b,,,,,,,,,,,,,,
change_node_type,identifier-reference-source,,,reference,,,,,"{""controlledList"":""06bbe5d2-93e8-43df-a4f4-5667648fd2ef""}",,,,,,
add_widget,ad3a2960-d035-5a1a-89fa-e4160cad893f,19e56148-82b8-47eb-b66e-f6243639a1a8,,,,,,,,,,,,Cross Reference Source,
rename_node,identifier-reference-source,cross_reference_source,Cross Reference Source,,,,,,,,,,,,
# Duplicate ZE2 root node holds Appellative Status Type: recreate that empty leaf under the real ZE2 and drop the duplicate (53_Whenua rows 23-25),,,,,,,,,,,,,,,
delete_node,appellative-status-type,,,,,,,,,,,,,,
delete_node,ze2_appellative_status_SRDF5181,,,,,,,,,,,,,,
add_node,appellative_status,appellative_status_type,Appellative Status Type,reference,1,http://www.cidoc-crm.org/cidoc-crm/E55_Type,http://www.cidoc-crm.org/cidoc-crm/P2_has_type,,"{""controlledList"":""2faad617-0c8f-51bf-aca0-b2cf39eeaade""}",,,,,,
# Old empty 'System Reference Numbers' card from the base (duplicate of the branch card): delete_nodegroup with its base id (53_Whenua row 57),,,,,,,,,,,,,,,
delete_nodegroup,65897946-e7c8-5c8c-b845-a4e4d5e60541,,,,,,,,,,,,,,
# System Reference Numbers + Geometry branches put widgets on semantic nodes - remove them (IDs from the latest Event.json run),,,,,,,,,,,,,,,
delete_widget,17e594eb-ed1e-5b78-b90c-12f7358f9d49,,,,,,,,,,,,,,
delete_widget,80a62725-bace-5202-9e29-88408c6edc2a,,,,,,,,,,,,,,
delete_widget,b11b95f1-4009-50bb-9fc2-561e40e15929,,,,,,,,,,,,,,
delete_widget,bbe4d062-b6d9-5a4c-8580-5f3566e24e60,,,,,,,,,,,,,,
# Geometry branch wires its nested widgets to the Geometry card: re-add each on its own card (IDs from the latest Event.json run) - same as 53_Whenua row 311,,,,,,,,,,,,,,,
delete_widget,856f99fa-5035-50c1-a3a3-f30cbcdde932,,,,,,,,,,,,,,
add_widget,fe75ac62-ec12-5197-9488-9b1e74b875d0,19e56148-82b8-47eb-b66e-f6243639a1a8,,,,,,,,,,,,Authorization Date Qualifier,
delete_widget,a86ceb03-30cc-5f74-85d4-c65ae7d72f7f,,,,,,,,,,,,,,
add_widget,b36833e8-d1f2-5082-9455-0dab48bae5f4,10000000-0000-0000-0000-000000000004,,,,,,,,,,,,Authorization End Date,
delete_widget,7acd6e0e-3438-582e-afdf-9f5339aed584,,,,,,,,,,,,,,
add_widget,257a5261-60fc-52bd-b839-365281625a92,19e56148-82b8-47eb-b66e-f6243639a1a8,,,,,,,,,,,,Authorization Metatype,
delete_widget,ef8e93e3-f72d-5ddb-8f51-4c4e68fa0f15,,,,,,,,,,,,,,
add_widget,c4201100-bf67-56b2-8fd9-d0c4423f6c24,19e56148-82b8-47eb-b66e-f6243639a1a8,,,,,,,,,,,,Authorization Type,
delete_widget,972155ac-8daf-5061-be84-cde85d3401e7,,,,,,,,,,,,,,
add_widget,39cfc081-06d9-551f-8bbc-dc63a0b0a70b,19e56148-82b8-47eb-b66e-f6243639a1a8,,,,,,,,,,,,Authorizations Date Qualifier Metatype,
delete_widget,fef79394-ace5-5963-8bcd-a315333221ef,,,,,,,,,,,,,,
add_widget,b2054313-2860-55f4-a9ae-c71ad91007ca,10000000-0000-0000-0000-000000000001,,,,,,,,,,,,Authorizer Name,
delete_widget,c6069312-5421-5942-bfcc-bae82e3d91e0,,,,,,,,,,,,,,
add_widget,12240d0c-1163-5dbf-8ed5-10957fa1c02a,19e56148-82b8-47eb-b66e-f6243639a1a8,,,,,,,,,,,,Authorizer Name Currency,
delete_widget,208b6829-2b3a-5134-863d-d7eeb9c19105,,,,,,,,,,,,,,
add_widget,7cf94454-a7c7-52c6-9ee2-216a2819c391,19e56148-82b8-47eb-b66e-f6243639a1a8,,,,,,,,,,,,Authorizer Name Currency Metatype,
delete_widget,1b635dde-3597-5168-a813-1242d9e8de76,,,,,,,,,,,,,,
add_widget,cccda73d-9cb6-56c2-a14b-4045eba94a00,19e56148-82b8-47eb-b66e-f6243639a1a8,,,,,,,,,,,,Authorizer Name Metatype,
delete_widget,400f484f-9339-584b-b35e-662c036d5fb1,,,,,,,,,,,,,,
add_widget,3ea3a9cb-e383-5869-b6e8-2f9fd1badd7e,19e56148-82b8-47eb-b66e-f6243639a1a8,,,,,,,,,,,,Authorizer Name Type,
delete_widget,b5f735ae-cb2f-5bed-a856-d1bb08029e29,,,,,,,,,,,,,,
add_widget,c6ad6171-5cf6-5af3-9db3-50b87ede0c40,19e56148-82b8-47eb-b66e-f6243639a1a8,,,,,,,,,,,,Authorizer Name Use Metatype,
delete_widget,9f38c49d-bfd2-5c66-bd4c-eb85aa710fa1,,,,,,,,,,,,,,
add_widget,0a8f71c0-d47f-5c2b-a6da-f625b9d57d31,19e56148-82b8-47eb-b66e-f6243639a1a8,,,,,,,,,,,,Authorizer Name Use Type,
delete_widget,690c6527-1073-5dd6-8795-9b573bbcc476,,,,,,,,,,,,,,
add_widget,f52a7649-f3bd-5949-b959-8dc4be13d62d,19e56148-82b8-47eb-b66e-f6243639a1a8,,,,,,,,,,,,Capture Scale,
delete_widget,08678d44-7632-57e6-bcab-ea7597fd81b6,,,,,,,,,,,,,,
add_widget,2c27c065-a6a4-5708-bbc3-317241e01c96,19e56148-82b8-47eb-b66e-f6243639a1a8,,,,,,,,,,,,Capture Scale Metatype,
delete_widget,6cb462b9-df79-5483-bc95-b5e9b013571c,,,,,,,,,,,,,,
add_widget,88668aec-4ba0-5f91-8dcd-9b56e99e8cc2,19e56148-82b8-47eb-b66e-f6243639a1a8,,,,,,,,,,,,Compilation Date Qualifier,
delete_widget,66ee36ce-0645-5b3d-bc1a-26ed6a5e2666,,,,,,,,,,,,,,
add_widget,de1f7dc8-b87d-5225-b353-1019d2f350ba,19e56148-82b8-47eb-b66e-f6243639a1a8,,,,,,,,,,,,Compilation Date Qualifier Metatype,
delete_widget,e922fcdf-e507-5353-8294-14d63c6cb144,,,,,,,,,,,,,,
add_widget,1a6707f6-8961-5a3e-a260-72956443d998,10000000-0000-0000-0000-000000000004,,,,,,,,,,,,Compilation End Date,
delete_widget,ee148a80-8bac-5810-98a8-accf63b2e950,,,,,,,,,,,,,,
add_widget,f3c3c2c9-f654-5a8d-840c-9f2eef211ae5,10000000-0000-0000-0000-000000000004,,,,,,,,,,,,Date of Compilation,
delete_widget,f75c4ffd-20c2-5f91-8ece-09e566fdd975,,,,,,,,,,,,,,
add_widget,e0ace6a9-6e5f-5594-9fdd-5e51053bc4d7,10000000-0000-0000-0000-000000000001,,,,,,,,,,,,Compiler Name,
delete_widget,e6a6f470-9130-527e-9638-77ba0dad26ec,,,,,,,,,,,,,,
add_widget,9f37cd08-68e9-5699-9e93-b3374ed35302,19e56148-82b8-47eb-b66e-f6243639a1a8,,,,,,,,,,,,Compiler Name Currency,
delete_widget,bb7077a7-aee4-548e-b168-be6073220f3d,,,,,,,,,,,,,,
add_widget,99605f4c-0d72-58a8-80e4-99ac8521bef3,19e56148-82b8-47eb-b66e-f6243639a1a8,,,,,,,,,,,,Compiler Name Currency Metatype,
delete_widget,c90937f3-d291-5b06-b495-ce3d3bf3ef40,,,,,,,,,,,,,,
add_widget,194fe4d3-567d-5f9d-95b0-583df3fff087,19e56148-82b8-47eb-b66e-f6243639a1a8,,,,,,,,,,,,Compiler Name Metatype,
delete_widget,fcf70af0-7a36-5264-b84e-ff2b6bd1b0cc,,,,,,,,,,,,,,
add_widget,16e36f79-9fba-5bf7-a0ac-e927d184d4e9,19e56148-82b8-47eb-b66e-f6243639a1a8,,,,,,,,,,,,Compiler Name Type,
delete_widget,d926469f-c374-507d-ab5f-e2c90908219e,,,,,,,,,,,,,,
add_widget,fb543f9d-e79c-5318-87b9-d56661ebc971,19e56148-82b8-47eb-b66e-f6243639a1a8,,,,,,,,,,,,Compiler Name Use Metatype,
delete_widget,afe63893-6e01-5bba-8e0f-8dbe940fc8c5,,,,,,,,,,,,,,
add_widget,6ef2cde2-69ff-5b38-b3c9-96aa906e0501,19e56148-82b8-47eb-b66e-f6243639a1a8,,,,,,,,,,,,Compiler Name Use Type,
delete_widget,a5eb5f02-f55e-5e33-bb59-c747ed706f62,,,,,,,,,,,,,,
add_widget,72b058b0-9709-58a6-a95f-e6fec2599820,19e56148-82b8-47eb-b66e-f6243639a1a8,,,,,,,,,,,,Coordinate System,
delete_widget,6f98a558-b7f1-58db-981e-63f289ac89c5,,,,,,,,,,,,,,
add_widget,1421abee-fdcf-5e01-a4ac-71ed41dd664a,10000000-0000-0000-0000-000000000001,,,,,,,,,,,,Current Base Map Name,
delete_widget,309c2e06-a8aa-57ed-b7c2-a0b551f29df9,,,,,,,,,,,,,,
add_widget,2b8d87f4-6e7b-5f75-a929-cd1661be0bde,19e56148-82b8-47eb-b66e-f6243639a1a8,,,,,,,,,,,,Current Base Map Name Currency,
delete_widget,9e2fcdcc-224a-5a25-9f0d-e4e5b694ec82,,,,,,,,,,,,,,
add_widget,ecc43c1d-df49-585c-b04c-b66b31ec9a26,19e56148-82b8-47eb-b66e-f6243639a1a8,,,,,,,,,,,,Current Base Map Name Currency Metatype,
delete_widget,dc076ae3-bc0d-5a09-8e0c-c839a4b1e76b,,,,,,,,,,,,,,
add_widget,b190b0cc-0f45-517f-a52e-5cc49cc36a35,19e56148-82b8-47eb-b66e-f6243639a1a8,,,,,,,,,,,,Current Base Map Name Metatype,
delete_widget,df5ad6a3-b72c-5c4f-8a10-7d16d2c2864e,,,,,,,,,,,,,,
add_widget,b1f4975c-96b1-56d2-9271-0a09bc2026aa,19e56148-82b8-47eb-b66e-f6243639a1a8,,,,,,,,,,,,Current Base Map Name Type,
delete_widget,22f8cd91-9759-56fa-9ba2-e109a3865530,,,,,,,,,,,,,,
add_widget,27013e10-9f3e-5ff5-a461-e3078698cec4,19e56148-82b8-47eb-b66e-f6243639a1a8,,,,,,,,,,,,Current Base Map Name Use Metatype,
delete_widget,dbc749d8-3dcc-5083-9ac5-d96033a88b27,,,,,,,,,,,,,,
add_widget,5f60d7e6-1bc9-569c-8100-0aab81ce7252,19e56148-82b8-47eb-b66e-f6243639a1a8,,,,,,,,,,,,Current Base Map Name Use Type,
delete_widget,8d18d919-34de-5320-ad09-6cb488036fce,,,,,,,,,,,,,,
add_widget,000f244d-c74d-5ccb-bed4-b70bb4b5df94,10000000-0000-0000-0000-000000000004,,,,,,,,,,,,Date of Authorization,
delete_widget,2b72846b-593e-5177-bf4d-57cdbb181c11,,,,,,,,,,,,,,
add_widget,8ec98755-d012-5c05-a0ab-bad04cdd45b2,19e56148-82b8-47eb-b66e-f6243639a1a8,,,,,,,,,,,,Spatial Accuracy Qualifier,
delete_widget,5e0be61a-1d47-5cb9-8290-531ed2133546,,,,,,,,,,,,,,
add_widget,0a4f7325-f21a-57f4-8a03-dd65776c9c3c,19e56148-82b8-47eb-b66e-f6243639a1a8,,,,,,,,,,,,Spatial Accuracy Qualifier Metatype,
delete_widget,4cf32d33-39e2-58c3-859b-a91d218de196,,,,,,,,,,,,,,
add_widget,4ffe9749-ec58-51d4-9f5a-bb0ae52510ac,10000000-0000-0000-0000-000000000001,,,,,,,,,,,,Spatial Metadata Notes,
delete_widget,952b93c3-5848-5940-90b2-09468229a9f4,,,,,,,,,,,,,,
add_widget,004a0323-aadd-5110-9cd9-e94d85b15cc5,19e56148-82b8-47eb-b66e-f6243639a1a8,,,,,,,,,,,,Spatial Metadata Notes Language,
delete_widget,f07e8578-c7c6-53c5-8b56-b178ab39dd13,,,,,,,,,,,,,,
add_widget,1ce13d2c-d701-5dd6-ab50-0b92d3a463b7,19e56148-82b8-47eb-b66e-f6243639a1a8,,,,,,,,,,,,Spatial Metadata Notes Language Metatype,
delete_widget,f7ff989a-7658-5c63-888a-5950f4ffb941,,,,,,,,,,,,,,
add_widget,3a9309df-0a0a-573d-aabb-34ddfdeb8122,19e56148-82b8-47eb-b66e-f6243639a1a8,,,,,,,,,,,,Spatial Metadata Notes Metatype,
delete_widget,f853a5d8-a908-5f3a-ace1-b1aa9e5b129c,,,,,,,,,,,,,,
add_widget,3e52cf7c-18d4-5c48-a46a-b5c5b05cf7b5,19e56148-82b8-47eb-b66e-f6243639a1a8,,,,,,,,,,,,Spatial Metadata Notes Type,
delete_widget,b53f1dfc-323b-5f8b-83c3-d4c5929e2ed5,,,,,,,,,,,,,,
add_widget,a834db6f-4a7a-5d52-b356-04533ed60eb8,19e56148-82b8-47eb-b66e-f6243639a1a8,,,,,,,,,,,,Spatial Record Compilation Metatype,
delete_widget,b828b5e4-f006-5447-8e57-56f3938ce2cc,,,,,,,,,,,,,,
add_widget,c6ae0284-38c7-55f4-bdda-8dfb2f3076b3,19e56148-82b8-47eb-b66e-f6243639a1a8,,,,,,,,,,,,Spatial Record Compilation Type,
delete_widget,5aa012ec-fc9d-57bf-8e5f-b9cce9481cf7,,,,,,,,,,,,,,
add_widget,8c8b1b66-9c4f-5835-a082-fda8e77a082c,19e56148-82b8-47eb-b66e-f6243639a1a8,,,,,,,,,,,,Spatial Record Update Metatype,
delete_widget,7a5e91ec-6ec7-522d-b69e-8d66e56fd25b,,,,,,,,,,,,,,
add_widget,83a56ed4-e0da-58f0-8d66-4d56e45c6c66,19e56148-82b8-47eb-b66e-f6243639a1a8,,,,,,,,,,,,Spatial Record Update Type,
delete_widget,2196f3e0-e1e0-50c3-b816-ef9dfe3becf3,,,,,,,,,,,,,,
add_widget,75bd4832-d322-5c59-a68d-1535a495e21a,19e56148-82b8-47eb-b66e-f6243639a1a8,,,,,,,,,,,,Update Date Qualifier,
delete_widget,060ca675-ec93-5b6a-a852-0fdf3a399ea6,,,,,,,,,,,,,,
add_widget,bd8cee45-90a0-57f7-a081-e0d4cc778cf3,19e56148-82b8-47eb-b66e-f6243639a1a8,,,,,,,,,,,,Update Date Qualifier Metatype,
delete_widget,e09e991e-e2f3-554a-b313-c09f990abe0b,,,,,,,,,,,,,,
add_widget,5d34dce6-c22f-5ac2-8f36-c53f17377f52,10000000-0000-0000-0000-000000000004,,,,,,,,,,,,Update End Date,
delete_widget,9b2ae0a9-e677-5f8c-811b-82790e9048ab,,,,,,,,,,,,,,
add_widget,8ea63c73-c588-5d76-80f2-c7ef6b16a807,10000000-0000-0000-0000-000000000004,,,,,,,,,,,,Date of Last Update,
delete_widget,f708beeb-825c-5d83-8411-33ca52fe4589,,,,,,,,,,,,,,
add_widget,2c91ea32-6a75-5c95-9d75-e040ba41d7ad,10000000-0000-0000-0000-000000000001,,,,,,,,,,,,Updater Name,
delete_widget,329ea6b8-dbb2-53f3-845a-7e7a3957bb47,,,,,,,,,,,,,,
add_widget,e781756f-7850-5a76-ba50-4ffa10a37999,19e56148-82b8-47eb-b66e-f6243639a1a8,,,,,,,,,,,,Updater Name Currency,
delete_widget,15f2de1c-088c-5038-87bf-e81f08666aad,,,,,,,,,,,,,,
add_widget,f80ccca5-3f2d-56b9-a7e2-f1045d807762,19e56148-82b8-47eb-b66e-f6243639a1a8,,,,,,,,,,,,Updater Name Currency Metatype,
delete_widget,876cc884-a134-52ea-8cbf-452c52525ac1,,,,,,,,,,,,,,
add_widget,60ea413c-ccd6-504e-8343-84be2b9ddcb2,19e56148-82b8-47eb-b66e-f6243639a1a8,,,,,,,,,,,,Updater Name Metatype,
delete_widget,8fd33471-8d77-5880-99d5-0200e6106aed,,,,,,,,,,,,,,
add_widget,d2741471-d054-527d-af39-38129fe556c9,19e56148-82b8-47eb-b66e-f6243639a1a8,,,,,,,,,,,,Updater Name Type,
delete_widget,a97b19ec-fc28-5e7e-b72d-f05a7eaf3ed8,,,,,,,,,,,,,,
add_widget,67925568-a62e-52ea-b370-527c83560505,19e56148-82b8-47eb-b66e-f6243639a1a8,,,,,,,,,,,,Updater Name Use Metatype,
delete_widget,fc8567e6-e7f8-5aa8-b369-14a007618eb6,,,,,,,,,,,,,,
add_widget,f751108a-50bc-5966-a15c-cfbe097cfe5e,19e56148-82b8-47eb-b66e-f6243639a1a8,,,,,,,,,,,,Updater Name Use Type,
# FINAL BLOCK: last rename per nodegroup = its top node with the spec card name (same as 53_Whenua final block),,,,,,,,,,,,,,,
rename_node,event_names,event_names,Event Names,,,,,,,,,,,,
rename_node,appellative_status,appellative_status,Appellative Status,,,,,,,,,,,,
rename_node,appellative_status_appellation,appellative_status_appellation,Appellation,,,,,,,,,,,,
rename_node,external_cross_reference,external_cross_reference,External Cross References,,,,,,,,,,,,
rename_node,event_descriptions,event_descriptions,Event Descriptions,,,,,,,,,,,,
rename_node,record_status,record_status,Record Status,,,,,,,,,,,,
rename_node,associated_bibliographic_sources,associated_bibliographic_sources,Associated Bibliographic Sources,,,,,,,,,,,,
rename_node,resource_model_type,resource_model_type,Resource Model Type,,,,,,,,,,,,
rename_node,event_type,event_type,Event Type,,,,,,,,,,,,
rename_node,event_timespan,event_timespan,Event Timespan,,,,,,,,,,,,
rename_node,classification,classification,Classification,,,,,,,,,,,,
rename_node,function_status,function_status,Function Status,,,,,,,,,,,,
rename_node,evental_locative_status,evental_locative_status,Evental Locative Status,,,,,,,,,,,,
rename_node,e53_place_191,location_data,Location Data,,,,,,,,,,,,
rename_node,area,area,Area,,,,,,,,,,,,
rename_node,location_area_assignments,location_area_assignments,Area Assignments,,,,,,,,,,,,
rename_node,system_reference_numbers,system_reference_numbers,System Reference Numbers,,,,,,,,,,,,
rename_node,audit_metadata,audit_metadata,Audit Metadata,,,,,,,,,,,,
rename_node,reference_matauranga,reference_matauranga,Reference Mātauranga,,,,,,,,,,,,
rename_node,digital-files,digital-files,Associated Digital Files,,,,,,,,,,,,
